<?xml version="1.0" encoding="UTF-8"?>
<GenRun Id="prelabGlitch_xup_or2_0_0_synth_1" LaunchPart="xc7a35tcpg236-1" LaunchTime="1572877332">
  <File Type="PA-TCL" Name="prelabGlitch_xup_or2_0_0.tcl"/>
  <File Type="REPORTS-TCL" Name="prelabGlitch_xup_or2_0_0_reports.tcl"/>
  <File Type="RDS-RDS" Name="prelabGlitch_xup_or2_0_0.vds"/>
  <File Type="RDS-UTIL" Name="prelabGlitch_xup_or2_0_0_utilization_synth.rpt"/>
  <File Type="RDS-UTIL-PB" Name="prelabGlitch_xup_or2_0_0_utilization_synth.pb"/>
  <File Type="RDS-DCP" Name="prelabGlitch_xup_or2_0_0.dcp"/>
  <FileSet Name="sources" Type="BlockSrcs" RelSrcDir="$PSRCDIR/prelabGlitch_xup_or2_0_0">
    <File Path="$PSRCDIR/sources_1/bd/prelabGlitch/ip/prelabGlitch_xup_or2_0_0/prelabGlitch_xup_or2_0_0.xci">
      <FileInfo>
        <Attr Name="Library" Val="xil_defaultlib"/>
        <Attr Name="ImportPath" Val="$PPRDIR/../../../../../../../../../../../../Data/Projects/CollegeHomeWork/Fall2019/EE2301/Labs/Lab4/Lab4.srcs/sources_1/bd/prelabGlitch/ip/prelabGlitch_xup_or2_0_0/prelabGlitch_xup_or2_0_0.xci"/>
        <Attr Name="ImportTime" Val="0"/>
        <Attr Name="UsedIn" Val="synthesis"/>
        <Attr Name="UsedIn" Val="implementation"/>
        <Attr Name="UsedIn" Val="simulation"/>
        <Attr Name="ProcessingOrder" Val="EARLY"/>
      </FileInfo>
    </File>
    <Config>
      <Option Name="TopModule" Val="prelabGlitch_xup_or2_0_0"/>
      <Option Name="UseBlackboxStub" Val="1"/>
    </Config>
  </FileSet>
  <FileSet Name="constrs_in" Type="BlockSrcs" RelSrcDir="$PSRCDIR/prelabGlitch_xup_or2_0_0">
    <File Path="$PSRCDIR/sources_1/bd/prelabGlitch/ip/prelabGlitch_xup_or2_0_0/prelabGlitch_xup_or2_0_0.xci">
      <FileInfo>
        <Attr Name="Library" Val="xil_defaultlib"/>
        <Attr Name="ImportPath" Val="$PPRDIR/../../../../../../../../../../../../Data/Projects/CollegeHomeWork/Fall2019/EE2301/Labs/Lab4/Lab4.srcs/sources_1/bd/prelabGlitch/ip/prelabGlitch_xup_or2_0_0/prelabGlitch_xup_or2_0_0.xci"/>
        <Attr Name="ImportTime" Val="0"/>
        <Attr Name="UsedIn" Val="synthesis"/>
        <Attr Name="UsedIn" Val="implementation"/>
        <Attr Name="UsedIn" Val="simulation"/>
        <Attr Name="ProcessingOrder" Val="EARLY"/>
      </FileInfo>
    </File>
    <Config>
      <Option Name="TopModule" Val="prelabGlitch_xup_or2_0_0"/>
      <Option Name="UseBlackboxStub" Val="1"/>
    </Config>
  </FileSet>
  <FileSet Name="utils" Type="Utils" RelSrcDir="$PSRCDIR/utils_1">
    <Filter Type="Utils"/>
    <Config>
      <Option Name="TopAutoSet" Val="TRUE"/>
    </Config>
  </FileSet>
  <Strategy Version="1" Minor="2">
    <StratHandle Name="Vivado Synthesis Defaults" Flow="Vivado Synthesis 2019"/>
    <Step Id="synth_design"/>
  </Strategy>
</GenRun>
