<?xml version="1.0" encoding="UTF-8"?>
<GenRun Id="impl_1" LaunchPart="xc7a35tcpg236-1" LaunchTime="1575229385">
  <File Type="ROUTE-BUS-SKEW-PB" Name="DFF_bus_skew_routed.pb"/>
  <File Type="ROUTE-BUS-SKEW" Name="DFF_bus_skew_routed.rpt"/>
  <File Type="ROUTE-CLK" Name="DFF_clock_utilization_routed.rpt"/>
  <File Type="ROUTE-TIMING-RPX" Name="DFF_timing_summary_routed.rpx"/>
  <File Type="ROUTE-TIMING-PB" Name="DFF_timing_summary_routed.pb"/>
  <File Type="ROUTE-TIMINGSUMMARY" Name="DFF_timing_summary_routed.rpt"/>
  <File Type="ROUTE-STATUS-PB" Name="DFF_route_status.pb"/>
  <File Type="ROUTE-STATUS" Name="DFF_route_status.rpt"/>
  <File Type="ROUTE-PWR-RPX" Name="DFF_power_routed.rpx"/>
  <File Type="ROUTE-PWR-SUM" Name="DFF_power_summary_routed.pb"/>
  <File Type="ROUTE-PWR" Name="DFF_power_routed.rpt"/>
  <File Type="ROUTE-DRC-PB" Name="DFF_drc_routed.pb"/>
  <File Type="ROUTE-DRC" Name="DFF_drc_routed.rpt"/>
  <File Type="ROUTE-BLACKBOX-DCP" Name="DFF_routed_bb.dcp"/>
  <File Type="ROUTE-DCP" Name="DFF_routed.dcp"/>
  <File Type="ROUTE-ERROR-DCP" Name="DFF_routed_error.dcp"/>
  <File Type="PHYSOPT-DCP" Name="DFF_physopt.dcp"/>
  <File Type="POSTPLACE-PWROPT-DCP" Name="DFF_postplace_pwropt.dcp"/>
  <File Type="ROUTE-METHODOLOGY-DRC-RPX" Name="DFF_methodology_drc_routed.rpx"/>
  <File Type="BITSTR-LTX" Name="DFF.ltx"/>
  <File Type="WBT-USG" Name="usage_statistics_webtalk.html"/>
  <File Type="BG-BIT" Name="DFF.bit"/>
  <File Type="BITSTR-MSK" Name="DFF.msk"/>
  <File Type="BG-BGN" Name="DFF.bgn"/>
  <File Type="PLACE-DCP" Name="DFF_placed.dcp"/>
  <File Type="BG-BIN" Name="DFF.bin"/>
  <File Type="PWROPT-DCP" Name="DFF_pwropt.dcp"/>
  <File Type="RDI-RDI" Name="DFF.vdi"/>
  <File Type="ROUTE-DRC-RPX" Name="DFF_drc_routed.rpx"/>
  <File Type="ROUTE-BUS-SKEW-RPX" Name="DFF_bus_skew_routed.rpx"/>
  <File Type="BG-DRC" Name="DFF.drc"/>
  <File Type="OPT-DCP" Name="DFF_opt.dcp"/>
  <File Type="POSTROUTE-PHYSOPT-DCP" Name="DFF_postroute_physopt.dcp"/>
  <File Type="BITSTR-MMI" Name="DFF.mmi"/>
  <File Type="BITSTR-SYSDEF" Name="DFF.sysdef"/>
  <File Type="POSTROUTE-PHYSOPT-BLACKBOX-DCP" Name="DFF_postroute_physopt_bb.dcp"/>
  <File Type="BITSTR-BMM" Name="DFF_bd.bmm"/>
  <File Type="BITSTR-NKY" Name="DFF.nky"/>
  <File Type="BITSTR-RBT" Name="DFF.rbt"/>
  <File Type="OPT-DRC" Name="DFF_drc_opted.rpt"/>
  <File Type="PLACE-UTIL" Name="DFF_utilization_placed.rpt"/>
  <File Type="OPT-HWDEF" Name="DFF.hwdef"/>
  <File Type="PA-TCL" Name="DFF.tcl"/>
  <File Type="REPORTS-TCL" Name="DFF_reports.tcl"/>
  <File Type="PLACE-IO" Name="DFF_io_placed.rpt"/>
  <File Type="PLACE-UTIL-PB" Name="DFF_utilization_placed.pb"/>
  <File Type="ROUTE-METHODOLOGY-DRC" Name="DFF_methodology_drc_routed.rpt"/>
  <File Type="PLACE-CTRL" Name="DFF_control_sets_placed.rpt"/>
  <File Type="ROUTE-METHODOLOGY-DRC-PB" Name="DFF_methodology_drc_routed.pb"/>
  <File Type="PLACE-PRE-SIMILARITY" Name="DFF_incremental_reuse_pre_placed.rpt"/>
  <FileSet Name="sources" Type="DesignSrcs" RelSrcDir="$PSRCDIR/sources_1">
    <Filter Type="Srcs"/>
    <File Path="$PSRCDIR/sources_1/new/DLatch.v">
      <FileInfo>
        <Attr Name="ImportPath" Val="$PPRDIR/../../../../../../../../../../../../../Lab6/Lab6.srcs/sources_1/new/DLatch.v"/>
        <Attr Name="ImportTime" Val="1574092671"/>
        <Attr Name="UsedIn" Val="synthesis"/>
        <Attr Name="UsedIn" Val="implementation"/>
        <Attr Name="UsedIn" Val="simulation"/>
      </FileInfo>
    </File>
    <File Path="$PSRCDIR/sources_1/new/DFF.v">
      <FileInfo>
        <Attr Name="ImportPath" Val="$PPRDIR/../../../../../../../../../../../../../Lab6/Lab6.srcs/sources_1/new/DFF.v"/>
        <Attr Name="ImportTime" Val="1574092954"/>
        <Attr Name="UsedIn" Val="synthesis"/>
        <Attr Name="UsedIn" Val="implementation"/>
        <Attr Name="UsedIn" Val="simulation"/>
      </FileInfo>
    </File>
    <File Path="$PSRCDIR/sources_1/imports/Lab6/archive_project_summary.txt">
      <FileInfo>
        <Attr Name="ImportPath" Val="$PPRDIR/../../../../../../../../../../../../home/trankimhuan/Desktop/Working/EE2301-Intro-to-Logic-Desgins/Lab6.xpr/Lab6/archive_project_summary.txt"/>
        <Attr Name="ImportTime" Val="1574093426"/>
      </FileInfo>
    </File>
    <Config>
      <Option Name="DesignMode" Val="RTL"/>
      <Option Name="TopModule" Val="DFF"/>
      <Option Name="TopAutoSet" Val="TRUE"/>
    </Config>
  </FileSet>
  <FileSet Name="constrs_in" Type="Constrs" RelSrcDir="$PSRCDIR/constrs_1">
    <Filter Type="Constrs"/>
    <File Path="$PSRCDIR/constrs_1/imports/Temp/Basys3_Master.xdc">
      <FileInfo>
        <Attr Name="ImportPath" Val="$PPRDIR/../../../../../../../../../../../../home/trankimhuan/Desktop/Temp/Basys3_Master.xdc"/>
        <Attr Name="ImportTime" Val="1575228996"/>
        <Attr Name="UsedIn" Val="synthesis"/>
        <Attr Name="UsedIn" Val="implementation"/>
      </FileInfo>
    </File>
    <Config>
      <Option Name="ConstrsType" Val="XDC"/>
    </Config>
  </FileSet>
  <FileSet Name="utils" Type="Utils" RelSrcDir="$PSRCDIR/utils_1">
    <Filter Type="Utils"/>
    <Config>
      <Option Name="TopAutoSet" Val="TRUE"/>
    </Config>
  </FileSet>
  <Strategy Version="1" Minor="2">
    <StratHandle Name="Vivado Implementation Defaults" Flow="Vivado Implementation 2019"/>
    <Step Id="init_design"/>
    <Step Id="opt_design"/>
    <Step Id="power_opt_design"/>
    <Step Id="place_design"/>
    <Step Id="post_place_power_opt_design"/>
    <Step Id="phys_opt_design"/>
    <Step Id="route_design"/>
    <Step Id="post_route_phys_opt_design"/>
    <Step Id="write_bitstream"/>
  </Strategy>
</GenRun>
