<?xml version="1.0" encoding="UTF-8"?>
<GenRun Id="synth_1" LaunchPart="xc7a35tcpg236-1" LaunchTime="1575293234">
  <File Type="PA-TCL" Name="MULTIPLIER_16.tcl"/>
  <File Type="REPORTS-TCL" Name="MULTIPLIER_16_reports.tcl"/>
  <File Type="RDS-RDS" Name="MULTIPLIER_16.vds"/>
  <File Type="RDS-DCP" Name="MULTIPLIER_16.dcp"/>
  <FileSet Name="sources" Type="DesignSrcs" RelSrcDir="$PSRCDIR/sources_1">
    <Filter Type="Srcs"/>
    <File Path="$PSRCDIR/sources_1/new/COUNTER_17.v">
      <FileInfo>
        <Attr Name="ImportPath" Val="$PPRDIR/../../../../../../../../Desktop/Working/EE2301-Intro-to-Logic-Desgins/Lab6-16BitMultiplier/Lab6-16BitMultiplier.srcs/sources_1/new/COUNTER_17.v"/>
        <Attr Name="ImportTime" Val="1575293295"/>
        <Attr Name="UsedIn" Val="synthesis"/>
        <Attr Name="UsedIn" Val="implementation"/>
        <Attr Name="UsedIn" Val="simulation"/>
      </FileInfo>
    </File>
    <File Path="$PSRCDIR/sources_1/new/MUX_16_8.v">
      <FileInfo>
        <Attr Name="ImportPath" Val="$PPRDIR/../../../../../../../../Desktop/Working/EE2301-Intro-to-Logic-Desgins/Lab6-16BitMultiplier/Lab6-16BitMultiplier.srcs/sources_1/new/MUX_16_8.v"/>
        <Attr Name="ImportTime" Val="1575279638"/>
        <Attr Name="UsedIn" Val="synthesis"/>
        <Attr Name="UsedIn" Val="implementation"/>
        <Attr Name="UsedIn" Val="simulation"/>
      </FileInfo>
    </File>
    <File Path="$PSRCDIR/sources_1/new/MUX_2_1.v">
      <FileInfo>
        <Attr Name="ImportPath" Val="$PPRDIR/../../../../../../../../Desktop/Working/EE2301-Intro-to-Logic-Desgins/Lab6-16BitMultiplier/Lab6-16BitMultiplier.srcs/sources_1/new/MUX_2_1.v"/>
        <Attr Name="ImportTime" Val="1575282946"/>
        <Attr Name="UsedIn" Val="synthesis"/>
        <Attr Name="UsedIn" Val="implementation"/>
        <Attr Name="UsedIn" Val="simulation"/>
      </FileInfo>
    </File>
    <File Path="$PSRCDIR/sources_1/new/MUX_34_17.v">
      <FileInfo>
        <Attr Name="ImportPath" Val="$PPRDIR/../../../../../../../../Desktop/Working/EE2301-Intro-to-Logic-Desgins/Lab6-16BitMultiplier/Lab6-16BitMultiplier.srcs/sources_1/new/MUX_34_17.v"/>
        <Attr Name="ImportTime" Val="1575279508"/>
        <Attr Name="UsedIn" Val="synthesis"/>
        <Attr Name="UsedIn" Val="implementation"/>
        <Attr Name="UsedIn" Val="simulation"/>
      </FileInfo>
    </File>
    <File Path="$PSRCDIR/sources_1/new/SHIFTREGISTER_17.v">
      <FileInfo>
        <Attr Name="ImportPath" Val="$PPRDIR/../../../../../../../../Desktop/Working/EE2301-Intro-to-Logic-Desgins/Lab6-16BitMultiplier/Lab6-16BitMultiplier.srcs/sources_1/new/SHIFTREGISTER_17.v"/>
        <Attr Name="ImportTime" Val="1575293122"/>
        <Attr Name="UsedIn" Val="synthesis"/>
        <Attr Name="UsedIn" Val="implementation"/>
        <Attr Name="UsedIn" Val="simulation"/>
      </FileInfo>
    </File>
    <File Path="$PSRCDIR/sources_1/new/SHIFTREGISTER_8.v">
      <FileInfo>
        <Attr Name="ImportPath" Val="$PPRDIR/../../../../../../../../Desktop/Working/EE2301-Intro-to-Logic-Desgins/Lab6-16BitMultiplier/Lab6-16BitMultiplier.srcs/sources_1/new/SHIFTREGISTER_8.v"/>
        <Attr Name="ImportTime" Val="1575293018"/>
        <Attr Name="UsedIn" Val="synthesis"/>
        <Attr Name="UsedIn" Val="implementation"/>
        <Attr Name="UsedIn" Val="simulation"/>
      </FileInfo>
    </File>
    <File Path="$PSRCDIR/sources_1/new/SUMMER_8.v">
      <FileInfo>
        <Attr Name="ImportPath" Val="$PPRDIR/../../../../../../../../Desktop/Working/EE2301-Intro-to-Logic-Desgins/Lab6-16BitMultiplier/Lab6-16BitMultiplier.srcs/sources_1/new/SUMMER_8.v"/>
        <Attr Name="ImportTime" Val="1575282005"/>
        <Attr Name="UsedIn" Val="synthesis"/>
        <Attr Name="UsedIn" Val="implementation"/>
        <Attr Name="UsedIn" Val="simulation"/>
      </FileInfo>
    </File>
    <File Path="$PSRCDIR/sources_1/new/MULTIPLIER_16.v">
      <FileInfo>
        <Attr Name="ImportPath" Val="$PPRDIR/../../../../../../../../Desktop/Working/EE2301-Intro-to-Logic-Desgins/Lab6-16BitMultiplier/Lab6-16BitMultiplier.srcs/sources_1/new/MULTIPLIER_16.v"/>
        <Attr Name="ImportTime" Val="1575272400"/>
        <Attr Name="UsedIn" Val="synthesis"/>
        <Attr Name="UsedIn" Val="implementation"/>
        <Attr Name="UsedIn" Val="simulation"/>
      </FileInfo>
    </File>
    <File Path="$PSRCDIR/sources_1/new/MUX_32_16.v">
      <FileInfo>
        <Attr Name="AutoDisabled" Val="1"/>
        <Attr Name="ImportPath" Val="$PPRDIR/../../../../../../../../Desktop/Working/EE2301-Intro-to-Logic-Desgins/Lab6-16BitMultiplier/Lab6-16BitMultiplier.srcs/sources_1/new/MUX_32_16.v"/>
        <Attr Name="ImportTime" Val="1575279475"/>
        <Attr Name="UsedIn" Val="synthesis"/>
        <Attr Name="UsedIn" Val="implementation"/>
        <Attr Name="UsedIn" Val="simulation"/>
      </FileInfo>
    </File>
    <Config>
      <Option Name="DesignMode" Val="RTL"/>
      <Option Name="TopModule" Val="MULTIPLIER_16"/>
      <Option Name="TopAutoSet" Val="TRUE"/>
    </Config>
  </FileSet>
  <FileSet Name="constrs_in" Type="Constrs" RelSrcDir="$PSRCDIR/constrs_1">
    <Filter Type="Constrs"/>
    <File Path="$PSRCDIR/constrs_1/imports/new/BASYS_~1.XDC">
      <FileInfo>
        <Attr Name="ImportPath" Val="$PPRDIR/../../../../../../../../Desktop/Working/EE2301~1/LAB3_I~1/LAB3_I~1/LAB3_I~1.SRC/CONSTR~1/new/BASYS_~1.XDC"/>
        <Attr Name="ImportTime" Val="1575254858"/>
        <Attr Name="UsedIn" Val="synthesis"/>
        <Attr Name="UsedIn" Val="implementation"/>
      </FileInfo>
    </File>
    <Config>
      <Option Name="TargetConstrsFile" Val="$PSRCDIR/constrs_1/imports/new/BASYS_~1.XDC"/>
      <Option Name="ConstrsType" Val="XDC"/>
    </Config>
  </FileSet>
  <FileSet Name="utils" Type="Utils" RelSrcDir="$PSRCDIR/utils_1">
    <Filter Type="Utils"/>
    <Config>
      <Option Name="TopAutoSet" Val="TRUE"/>
    </Config>
  </FileSet>
  <Strategy Version="1" Minor="2">
    <StratHandle Name="Vivado Synthesis Defaults" Flow="Vivado Synthesis 2019"/>
    <Step Id="synth_design"/>
  </Strategy>
</GenRun>
