<?xml version="1.0" encoding="UTF-8"?>
<GenRun Id="InlabGlitch_xup_or2_1_0_synth_1" LaunchPart="xc7a35tcpg236-1" LaunchTime="1572882692">
  <File Type="PA-TCL" Name="InlabGlitch_xup_or2_1_0.tcl"/>
  <File Type="REPORTS-TCL" Name="InlabGlitch_xup_or2_1_0_reports.tcl"/>
  <File Type="RDS-RDS" Name="InlabGlitch_xup_or2_1_0.vds"/>
  <File Type="RDS-UTIL" Name="InlabGlitch_xup_or2_1_0_utilization_synth.rpt"/>
  <File Type="RDS-UTIL-PB" Name="InlabGlitch_xup_or2_1_0_utilization_synth.pb"/>
  <File Type="RDS-DCP" Name="InlabGlitch_xup_or2_1_0.dcp"/>
  <FileSet Name="sources" Type="BlockSrcs" RelSrcDir="$PSRCDIR/InlabGlitch_xup_or2_1_0">
    <File Path="$PSRCDIR/sources_1/bd/InlabGlitch/ip/InlabGlitch_xup_or2_1_0/InlabGlitch_xup_or2_1_0.xci">
      <FileInfo>
        <Attr Name="ImportPath" Val="$PPRDIR/../../../../../../../../Lab4/Lab4.srcs/sources_1/bd/InlabGlitch/ip/InlabGlitch_xup_or2_1_0/InlabGlitch_xup_or2_1_0.xci"/>
        <Attr Name="ImportTime" Val="1572882686"/>
        <Attr Name="UsedIn" Val="synthesis"/>
        <Attr Name="UsedIn" Val="implementation"/>
        <Attr Name="UsedIn" Val="simulation"/>
      </FileInfo>
    </File>
    <Config>
      <Option Name="TopModule" Val="InlabGlitch_xup_or2_1_0"/>
      <Option Name="UseBlackboxStub" Val="1"/>
    </Config>
  </FileSet>
  <FileSet Name="constrs_in" Type="BlockSrcs" RelSrcDir="$PSRCDIR/InlabGlitch_xup_or2_1_0">
    <File Path="$PSRCDIR/sources_1/bd/InlabGlitch/ip/InlabGlitch_xup_or2_1_0/InlabGlitch_xup_or2_1_0.xci">
      <FileInfo>
        <Attr Name="ImportPath" Val="$PPRDIR/../../../../../../../../Lab4/Lab4.srcs/sources_1/bd/InlabGlitch/ip/InlabGlitch_xup_or2_1_0/InlabGlitch_xup_or2_1_0.xci"/>
        <Attr Name="ImportTime" Val="1572882686"/>
        <Attr Name="UsedIn" Val="synthesis"/>
        <Attr Name="UsedIn" Val="implementation"/>
        <Attr Name="UsedIn" Val="simulation"/>
      </FileInfo>
    </File>
    <Config>
      <Option Name="TopModule" Val="InlabGlitch_xup_or2_1_0"/>
      <Option Name="UseBlackboxStub" Val="1"/>
    </Config>
  </FileSet>
  <FileSet Name="utils" Type="Utils" RelSrcDir="$PSRCDIR/utils_1">
    <Filter Type="Utils"/>
    <Config>
      <Option Name="TopAutoSet" Val="TRUE"/>
    </Config>
  </FileSet>
  <Strategy Version="1" Minor="2">
    <StratHandle Name="Vivado Synthesis Defaults" Flow="Vivado Synthesis 2019"/>
    <Step Id="synth_design"/>
  </Strategy>
</GenRun>
