<?xml version="1.0" encoding="UTF-8"?>
<GenRun Id="impl_1" LaunchPart="xc7a35tcpg236-1" LaunchTime="1575302410">
  <File Type="ROUTE-PWR" Name="MULTIPLIER_16_power_routed.rpt"/>
  <File Type="PA-TCL" Name="MULTIPLIER_16.tcl"/>
  <File Type="BITSTR-BMM" Name="MULTIPLIER_16_bd.bmm"/>
  <File Type="ROUTE-PWR-SUM" Name="MULTIPLIER_16_power_summary_routed.pb"/>
  <File Type="REPORTS-TCL" Name="MULTIPLIER_16_reports.tcl"/>
  <File Type="OPT-DCP" Name="MULTIPLIER_16_opt.dcp"/>
  <File Type="OPT-DRC" Name="MULTIPLIER_16_drc_opted.rpt"/>
  <File Type="OPT-HWDEF" Name="MULTIPLIER_16.hwdef"/>
  <File Type="PWROPT-DCP" Name="MULTIPLIER_16_pwropt.dcp"/>
  <File Type="PLACE-DCP" Name="MULTIPLIER_16_placed.dcp"/>
  <File Type="PLACE-IO" Name="MULTIPLIER_16_io_placed.rpt"/>
  <File Type="PLACE-UTIL" Name="MULTIPLIER_16_utilization_placed.rpt"/>
  <File Type="PLACE-UTIL-PB" Name="MULTIPLIER_16_utilization_placed.pb"/>
  <File Type="PLACE-CTRL" Name="MULTIPLIER_16_control_sets_placed.rpt"/>
  <File Type="PLACE-PRE-SIMILARITY" Name="MULTIPLIER_16_incremental_reuse_pre_placed.rpt"/>
  <File Type="BG-BGN" Name="MULTIPLIER_16.bgn"/>
  <File Type="POSTPLACE-PWROPT-DCP" Name="MULTIPLIER_16_postplace_pwropt.dcp"/>
  <File Type="BG-BIN" Name="MULTIPLIER_16.bin"/>
  <File Type="PHYSOPT-DCP" Name="MULTIPLIER_16_physopt.dcp"/>
  <File Type="BITSTR-MSK" Name="MULTIPLIER_16.msk"/>
  <File Type="ROUTE-ERROR-DCP" Name="MULTIPLIER_16_routed_error.dcp"/>
  <File Type="ROUTE-DCP" Name="MULTIPLIER_16_routed.dcp"/>
  <File Type="ROUTE-BLACKBOX-DCP" Name="MULTIPLIER_16_routed_bb.dcp"/>
  <File Type="ROUTE-DRC" Name="MULTIPLIER_16_drc_routed.rpt"/>
  <File Type="ROUTE-DRC-PB" Name="MULTIPLIER_16_drc_routed.pb"/>
  <File Type="ROUTE-DRC-RPX" Name="MULTIPLIER_16_drc_routed.rpx"/>
  <File Type="BITSTR-LTX" Name="MULTIPLIER_16.ltx"/>
  <File Type="ROUTE-METHODOLOGY-DRC" Name="MULTIPLIER_16_methodology_drc_routed.rpt"/>
  <File Type="BITSTR-MMI" Name="MULTIPLIER_16.mmi"/>
  <File Type="ROUTE-METHODOLOGY-DRC-RPX" Name="MULTIPLIER_16_methodology_drc_routed.rpx"/>
  <File Type="ROUTE-METHODOLOGY-DRC-PB" Name="MULTIPLIER_16_methodology_drc_routed.pb"/>
  <File Type="BITSTR-SYSDEF" Name="MULTIPLIER_16.sysdef"/>
  <File Type="ROUTE-PWR-RPX" Name="MULTIPLIER_16_power_routed.rpx"/>
  <File Type="ROUTE-STATUS" Name="MULTIPLIER_16_route_status.rpt"/>
  <File Type="ROUTE-STATUS-PB" Name="MULTIPLIER_16_route_status.pb"/>
  <File Type="ROUTE-TIMINGSUMMARY" Name="MULTIPLIER_16_timing_summary_routed.rpt"/>
  <File Type="ROUTE-TIMING-PB" Name="MULTIPLIER_16_timing_summary_routed.pb"/>
  <File Type="ROUTE-TIMING-RPX" Name="MULTIPLIER_16_timing_summary_routed.rpx"/>
  <File Type="ROUTE-CLK" Name="MULTIPLIER_16_clock_utilization_routed.rpt"/>
  <File Type="ROUTE-BUS-SKEW" Name="MULTIPLIER_16_bus_skew_routed.rpt"/>
  <File Type="ROUTE-BUS-SKEW-PB" Name="MULTIPLIER_16_bus_skew_routed.pb"/>
  <File Type="ROUTE-BUS-SKEW-RPX" Name="MULTIPLIER_16_bus_skew_routed.rpx"/>
  <File Type="POSTROUTE-PHYSOPT-DCP" Name="MULTIPLIER_16_postroute_physopt.dcp"/>
  <File Type="POSTROUTE-PHYSOPT-BLACKBOX-DCP" Name="MULTIPLIER_16_postroute_physopt_bb.dcp"/>
  <File Type="BG-BIT" Name="MULTIPLIER_16.bit"/>
  <File Type="BITSTR-RBT" Name="MULTIPLIER_16.rbt"/>
  <File Type="BITSTR-NKY" Name="MULTIPLIER_16.nky"/>
  <File Type="BG-DRC" Name="MULTIPLIER_16.drc"/>
  <File Type="RDI-RDI" Name="MULTIPLIER_16.vdi"/>
  <File Type="WBT-USG" Name="usage_statistics_webtalk.html"/>
  <FileSet Name="sources" Type="DesignSrcs" RelSrcDir="$PSRCDIR/sources_1">
    <Filter Type="Srcs"/>
    <File Path="$PSRCDIR/sources_1/new/COUNTER_17.v">
      <FileInfo>
        <Attr Name="ImportPath" Val="$PPRDIR/../../../../../../../../../../../../Desktop/Working/EE2301-Intro-to-Logic-Desgins/Lab6-16BitMultiplier/Lab6-16BitMultiplier.srcs/sources_1/new/COUNTER_17.v"/>
        <Attr Name="ImportTime" Val="1575293295"/>
        <Attr Name="UsedIn" Val="synthesis"/>
        <Attr Name="UsedIn" Val="implementation"/>
        <Attr Name="UsedIn" Val="simulation"/>
      </FileInfo>
    </File>
    <File Path="$PSRCDIR/sources_1/new/MUX_16_8.v">
      <FileInfo>
        <Attr Name="ImportPath" Val="$PPRDIR/../../../../../../../../../../../../Desktop/Working/EE2301-Intro-to-Logic-Desgins/Lab6-16BitMultiplier/Lab6-16BitMultiplier.srcs/sources_1/new/MUX_16_8.v"/>
        <Attr Name="ImportTime" Val="1575279638"/>
        <Attr Name="UsedIn" Val="synthesis"/>
        <Attr Name="UsedIn" Val="implementation"/>
        <Attr Name="UsedIn" Val="simulation"/>
      </FileInfo>
    </File>
    <File Path="$PSRCDIR/sources_1/new/MUX_2_1.v">
      <FileInfo>
        <Attr Name="ImportPath" Val="$PPRDIR/../../../../../../../../../../../../Desktop/Working/EE2301-Intro-to-Logic-Desgins/Lab6-16BitMultiplier/Lab6-16BitMultiplier.srcs/sources_1/new/MUX_2_1.v"/>
        <Attr Name="ImportTime" Val="1575282946"/>
        <Attr Name="UsedIn" Val="synthesis"/>
        <Attr Name="UsedIn" Val="implementation"/>
        <Attr Name="UsedIn" Val="simulation"/>
      </FileInfo>
    </File>
    <File Path="$PSRCDIR/sources_1/new/SHIFTREGISTER_17.v">
      <FileInfo>
        <Attr Name="ImportPath" Val="$PPRDIR/../../../../../../../../../../../../Desktop/Working/EE2301-Intro-to-Logic-Desgins/Lab6-16BitMultiplier/Lab6-16BitMultiplier.srcs/sources_1/new/SHIFTREGISTER_17.v"/>
        <Attr Name="ImportTime" Val="1575293122"/>
        <Attr Name="UsedIn" Val="synthesis"/>
        <Attr Name="UsedIn" Val="implementation"/>
        <Attr Name="UsedIn" Val="simulation"/>
      </FileInfo>
    </File>
    <File Path="$PSRCDIR/sources_1/new/SHIFTREGISTER_8.v">
      <FileInfo>
        <Attr Name="ImportPath" Val="$PPRDIR/../../../../../../../../../../../../Desktop/Working/EE2301-Intro-to-Logic-Desgins/Lab6-16BitMultiplier/Lab6-16BitMultiplier.srcs/sources_1/new/SHIFTREGISTER_8.v"/>
        <Attr Name="ImportTime" Val="1575293018"/>
        <Attr Name="UsedIn" Val="synthesis"/>
        <Attr Name="UsedIn" Val="implementation"/>
        <Attr Name="UsedIn" Val="simulation"/>
      </FileInfo>
    </File>
    <File Path="$PSRCDIR/sources_1/new/SUMMER_8.v">
      <FileInfo>
        <Attr Name="ImportPath" Val="$PPRDIR/../../../../../../../../../../../../Desktop/Working/EE2301-Intro-to-Logic-Desgins/Lab6-16BitMultiplier/Lab6-16BitMultiplier.srcs/sources_1/new/SUMMER_8.v"/>
        <Attr Name="ImportTime" Val="1575282005"/>
        <Attr Name="UsedIn" Val="synthesis"/>
        <Attr Name="UsedIn" Val="implementation"/>
        <Attr Name="UsedIn" Val="simulation"/>
      </FileInfo>
    </File>
    <File Path="$PSRCDIR/sources_1/new/MULTIPLIER_16.v">
      <FileInfo>
        <Attr Name="ImportPath" Val="$PPRDIR/../../../../../../../../../../../../Desktop/Working/EE2301-Intro-to-Logic-Desgins/Lab6-16BitMultiplier/Lab6-16BitMultiplier.srcs/sources_1/new/MULTIPLIER_16.v"/>
        <Attr Name="ImportTime" Val="1575272400"/>
        <Attr Name="UsedIn" Val="synthesis"/>
        <Attr Name="UsedIn" Val="implementation"/>
        <Attr Name="UsedIn" Val="simulation"/>
      </FileInfo>
    </File>
    <File Path="$PSRCDIR/sources_1/new/MUX_34_17.v">
      <FileInfo>
        <Attr Name="AutoDisabled" Val="1"/>
        <Attr Name="ImportPath" Val="$PPRDIR/../../../../../../../../../../../../Desktop/Working/EE2301-Intro-to-Logic-Desgins/Lab6-16BitMultiplier/Lab6-16BitMultiplier.srcs/sources_1/new/MUX_34_17.v"/>
        <Attr Name="ImportTime" Val="1575279508"/>
        <Attr Name="UsedIn" Val="synthesis"/>
        <Attr Name="UsedIn" Val="implementation"/>
        <Attr Name="UsedIn" Val="simulation"/>
      </FileInfo>
    </File>
    <File Path="$PSRCDIR/sources_1/new/MUX_32_16.v">
      <FileInfo>
        <Attr Name="AutoDisabled" Val="1"/>
        <Attr Name="ImportPath" Val="$PPRDIR/../../../../../../../../../../../../Desktop/Working/EE2301-Intro-to-Logic-Desgins/Lab6-16BitMultiplier/Lab6-16BitMultiplier.srcs/sources_1/new/MUX_32_16.v"/>
        <Attr Name="ImportTime" Val="1575279475"/>
        <Attr Name="UsedIn" Val="synthesis"/>
        <Attr Name="UsedIn" Val="implementation"/>
        <Attr Name="UsedIn" Val="simulation"/>
      </FileInfo>
    </File>
    <File Path="$PSRCDIR/sources_1/imports/Lab6-16BitMultiplier/archive_project_summary.txt">
      <FileInfo>
        <Attr Name="ImportPath" Val="$PPRDIR/../../../../archive_project_summary.txt"/>
        <Attr Name="ImportTime" Val="1575295470"/>
      </FileInfo>
    </File>
    <Config>
      <Option Name="DesignMode" Val="RTL"/>
      <Option Name="TopModule" Val="MULTIPLIER_16"/>
      <Option Name="TopAutoSet" Val="TRUE"/>
    </Config>
  </FileSet>
  <FileSet Name="constrs_in" Type="Constrs" RelSrcDir="$PSRCDIR/constrs_1">
    <Filter Type="Constrs"/>
    <File Path="$PSRCDIR/constrs_1/imports/new/BASYS_~1.XDC">
      <FileInfo>
        <Attr Name="ImportPath" Val="$PPRDIR/../../../../../../../../../../../../Desktop/Working/EE2301~1/LAB3_I~1/LAB3_I~1/LAB3_I~1.SRC/CONSTR~1/new/BASYS_~1.XDC"/>
        <Attr Name="ImportTime" Val="1575254858"/>
        <Attr Name="UsedIn" Val="synthesis"/>
        <Attr Name="UsedIn" Val="implementation"/>
      </FileInfo>
    </File>
    <Config>
      <Option Name="TargetConstrsFile" Val="$PSRCDIR/constrs_1/imports/new/BASYS_~1.XDC"/>
      <Option Name="ConstrsType" Val="XDC"/>
    </Config>
  </FileSet>
  <FileSet Name="utils" Type="Utils" RelSrcDir="$PSRCDIR/utils_1">
    <Filter Type="Utils"/>
    <Config>
      <Option Name="TopAutoSet" Val="TRUE"/>
    </Config>
  </FileSet>
  <Strategy Version="1" Minor="2">
    <StratHandle Name="Vivado Implementation Defaults" Flow="Vivado Implementation 2019"/>
    <Step Id="init_design"/>
    <Step Id="opt_design"/>
    <Step Id="power_opt_design"/>
    <Step Id="place_design"/>
    <Step Id="post_place_power_opt_design"/>
    <Step Id="phys_opt_design"/>
    <Step Id="route_design"/>
    <Step Id="post_route_phys_opt_design"/>
    <Step Id="write_bitstream"/>
  </Strategy>
</GenRun>
