<?xml version="1.0" encoding="UTF-8"?>
<GenRun Id="synth_1" LaunchPart="xc7a35tcpg236-1" LaunchTime="1571064852">
  <File Type="PA-TCL" Name="BinaryCounter_4.tcl"/>
  <File Type="REPORTS-TCL" Name="BinaryCounter_4_reports.tcl"/>
  <File Type="RDS-RDS" Name="BinaryCounter_4.vds"/>
  <File Type="RDS-UTIL" Name="BinaryCounter_4_utilization_synth.rpt"/>
  <File Type="RDS-UTIL-PB" Name="BinaryCounter_4_utilization_synth.pb"/>
  <File Type="RDS-DCP" Name="BinaryCounter_4.dcp"/>
  <FileSet Name="sources" Type="DesignSrcs" RelSrcDir="$PSRCDIR/sources_1">
    <Filter Type="Srcs"/>
    <File Path="$PSRCDIR/sources_1/new/DFF.v">
      <FileInfo>
        <Attr Name="ImportPath" Val="$PPRDIR/../../../../../../../../Lab3_Implement4WayStoplightControllerOnHardware/Lab3_Implement4WayStoplightControllerOnHardware.srcs/sources_1/new/DFF.v"/>
        <Attr Name="ImportTime" Val="1571064723"/>
        <Attr Name="UsedIn" Val="synthesis"/>
        <Attr Name="UsedIn" Val="implementation"/>
        <Attr Name="UsedIn" Val="simulation"/>
      </FileInfo>
    </File>
    <File Path="$PSRCDIR/sources_1/new/BinaryCounter_4.v">
      <FileInfo>
        <Attr Name="ImportPath" Val="$PPRDIR/../../../../../../../../Lab3_Implement4WayStoplightControllerOnHardware/Lab3_Implement4WayStoplightControllerOnHardware.srcs/sources_1/new/BinaryCounter_4.v"/>
        <Attr Name="ImportTime" Val="1571064148"/>
        <Attr Name="UsedIn" Val="synthesis"/>
        <Attr Name="UsedIn" Val="implementation"/>
      </FileInfo>
    </File>
    <Config>
      <Option Name="DesignMode" Val="RTL"/>
      <Option Name="TopModule" Val="BinaryCounter_4"/>
    </Config>
  </FileSet>
  <FileSet Name="constrs_in" Type="Constrs" RelSrcDir="$PSRCDIR/constrs_1">
    <Filter Type="Constrs"/>
    <File Path="$PSRCDIR/constrs_1/new/Basys_3_master.xdc">
      <FileInfo>
        <Attr Name="ImportPath" Val="$PPRDIR/../../../../../../../../Lab3_Implement4WayStoplightControllerOnHardware/Lab3_Implement4WayStoplightControllerOnHardware.srcs/constrs_1/new/Basys_3_master.xdc"/>
        <Attr Name="ImportTime" Val="1571064559"/>
        <Attr Name="UsedIn" Val="synthesis"/>
        <Attr Name="UsedIn" Val="implementation"/>
      </FileInfo>
    </File>
    <Config>
      <Option Name="ConstrsType" Val="XDC"/>
    </Config>
  </FileSet>
  <FileSet Name="utils" Type="Utils" RelSrcDir="$PSRCDIR/utils_1">
    <Filter Type="Utils"/>
    <Config>
      <Option Name="TopAutoSet" Val="TRUE"/>
    </Config>
  </FileSet>
  <Strategy Version="1" Minor="2">
    <StratHandle Name="Vivado Synthesis Defaults" Flow="Vivado Synthesis 2019"/>
    <Step Id="synth_design"/>
  </Strategy>
</GenRun>
