<?xml version="1.0" encoding="UTF-8"?>
<GenRun Id="synth_1" LaunchPart="xc7a35tcpg236-1" LaunchTime="1571437466">
  <File Type="PA-TCL" Name="StopLight4Way.tcl"/>
  <File Type="REPORTS-TCL" Name="StopLight4Way_reports.tcl"/>
  <File Type="RDS-RDS" Name="StopLight4Way.vds"/>
  <File Type="RDS-UTIL" Name="StopLight4Way_utilization_synth.rpt"/>
  <File Type="RDS-UTIL-PB" Name="StopLight4Way_utilization_synth.pb"/>
  <File Type="RDS-DCP" Name="StopLight4Way.dcp"/>
  <FileSet Name="sources" Type="DesignSrcs" RelSrcDir="$PSRCDIR/sources_1">
    <Filter Type="Srcs"/>
    <File Path="$PSRCDIR/sources_1/new/DFF.v">
      <FileInfo>
        <Attr Name="UserDisabled" Val="1"/>
        <Attr Name="ImportPath" Val="$PPRDIR/../../../../../Lab3_Implement4WayStoplightControllerOnHardware/Lab3_Implement4WayStoplightControllerOnHardware.srcs/sources_1/new/DFF.v"/>
        <Attr Name="ImportTime" Val="1571064723"/>
        <Attr Name="UsedIn" Val="synthesis"/>
        <Attr Name="UsedIn" Val="implementation"/>
        <Attr Name="UsedIn" Val="simulation"/>
      </FileInfo>
    </File>
    <File Path="$PSRCDIR/sources_1/new/BinaryCounter_4.v">
      <FileInfo>
        <Attr Name="UserDisabled" Val="1"/>
        <Attr Name="ImportPath" Val="$PPRDIR/../../../../../Lab3_Implement4WayStoplightControllerOnHardware/Lab3_Implement4WayStoplightControllerOnHardware.srcs/sources_1/new/BinaryCounter_4.v"/>
        <Attr Name="ImportTime" Val="1571064148"/>
        <Attr Name="UsedIn" Val="synthesis"/>
        <Attr Name="UsedIn" Val="implementation"/>
      </FileInfo>
    </File>
    <File Path="$PSRCDIR/sources_1/imports/Lab3_Implement4WayStoplightControllerOnHardware/archive_project_summary.txt">
      <FileInfo>
        <Attr Name="ImportPath" Val="$PPRDIR/../../../../../Lab3_Implement4WayStoplightControllerOnHardware/archive_project_summary.txt"/>
        <Attr Name="ImportTime" Val="1571431264"/>
      </FileInfo>
    </File>
    <File Path="$PSRCDIR/sources_1/new/GreenLight.v">
      <FileInfo>
        <Attr Name="ImportPath" Val="$PPRDIR/../../../../../Lab3_Implement4WayStoplightControllerOnHardware/Lab3_Implement4WayStoplightControllerOnHardware.srcs/sources_1/new/GreenLight.v"/>
        <Attr Name="ImportTime" Val="1571435171"/>
        <Attr Name="UsedIn" Val="synthesis"/>
        <Attr Name="UsedIn" Val="implementation"/>
      </FileInfo>
    </File>
    <File Path="$PSRCDIR/sources_1/new/RedLight.v">
      <FileInfo>
        <Attr Name="ImportPath" Val="$PPRDIR/../../../../../Lab3_Implement4WayStoplightControllerOnHardware/Lab3_Implement4WayStoplightControllerOnHardware.srcs/sources_1/new/RedLight.v"/>
        <Attr Name="ImportTime" Val="1571433912"/>
        <Attr Name="UsedIn" Val="synthesis"/>
        <Attr Name="UsedIn" Val="implementation"/>
      </FileInfo>
    </File>
    <File Path="$PSRCDIR/sources_1/new/YelloLight.v">
      <FileInfo>
        <Attr Name="ImportPath" Val="$PPRDIR/../../../../../Lab3_Implement4WayStoplightControllerOnHardware/Lab3_Implement4WayStoplightControllerOnHardware.srcs/sources_1/new/YelloLight.v"/>
        <Attr Name="ImportTime" Val="1571434417"/>
        <Attr Name="UsedIn" Val="synthesis"/>
        <Attr Name="UsedIn" Val="implementation"/>
      </FileInfo>
    </File>
    <File Path="$PSRCDIR/sources_1/new/StopLight4Way.v">
      <FileInfo>
        <Attr Name="ImportPath" Val="$PPRDIR/../../../../../Lab3_Implement4WayStoplightControllerOnHardware/Lab3_Implement4WayStoplightControllerOnHardware.srcs/sources_1/new/StopLight4Way.v"/>
        <Attr Name="ImportTime" Val="1571434392"/>
        <Attr Name="UsedIn" Val="synthesis"/>
        <Attr Name="UsedIn" Val="implementation"/>
      </FileInfo>
    </File>
    <Config>
      <Option Name="DesignMode" Val="RTL"/>
      <Option Name="TopModule" Val="StopLight4Way"/>
    </Config>
  </FileSet>
  <FileSet Name="constrs_in" Type="Constrs" RelSrcDir="$PSRCDIR/constrs_1">
    <Filter Type="Constrs"/>
    <File Path="$PSRCDIR/constrs_1/new/Basys_3_master_SwitchesImplementation.xdc">
      <FileInfo>
        <Attr Name="ImportPath" Val="$PPRDIR/../../../../../Lab3_Implement4WayStoplightControllerOnHardware/Lab3_Implement4WayStoplightControllerOnHardware.srcs/constrs_1/new/Basys_3_master_SwitchesImplementation.xdc"/>
        <Attr Name="ImportTime" Val="1571436992"/>
        <Attr Name="UsedIn" Val="synthesis"/>
        <Attr Name="UsedIn" Val="implementation"/>
      </FileInfo>
    </File>
    <File Path="$PSRCDIR/constrs_1/new/Basys_3_master_Basys3Implementation.xdc">
      <FileInfo>
        <Attr Name="ImportPath" Val="$PPRDIR/../../../../../Lab3_Implement4WayStoplightControllerOnHardware/Lab3_Implement4WayStoplightControllerOnHardware.srcs/constrs_1/new/Basys_3_master_Basys3Implementation.xdc"/>
        <Attr Name="ImportTime" Val="1571437457"/>
        <Attr Name="UsedIn" Val="synthesis"/>
        <Attr Name="UsedIn" Val="implementation"/>
      </FileInfo>
    </File>
    <Config>
      <Option Name="TargetConstrsFile" Val="$PSRCDIR/constrs_1/new/Basys_3_master_Basys3Implementation.xdc"/>
      <Option Name="ConstrsType" Val="XDC"/>
    </Config>
  </FileSet>
  <FileSet Name="utils" Type="Utils" RelSrcDir="$PSRCDIR/utils_1">
    <Filter Type="Utils"/>
    <Config>
      <Option Name="TopAutoSet" Val="TRUE"/>
    </Config>
  </FileSet>
  <Strategy Version="1" Minor="2">
    <StratHandle Name="Vivado Synthesis Defaults" Flow="Vivado Synthesis 2019"/>
    <Step Id="synth_design"/>
  </Strategy>
</GenRun>
