<?xml version="1.0" encoding="UTF-8"?>
<GenRun Id="impl_1" LaunchPart="xc7a35tcpg236-1" LaunchTime="1571064890">
  <File Type="PA-TCL" Name="BinaryCounter_4.tcl"/>
  <File Type="BITSTR-BMM" Name="BinaryCounter_4_bd.bmm"/>
  <File Type="REPORTS-TCL" Name="BinaryCounter_4_reports.tcl"/>
  <File Type="OPT-DCP" Name="BinaryCounter_4_opt.dcp"/>
  <File Type="OPT-DRC" Name="BinaryCounter_4_drc_opted.rpt"/>
  <File Type="OPT-HWDEF" Name="BinaryCounter_4.hwdef"/>
  <File Type="PWROPT-DCP" Name="BinaryCounter_4_pwropt.dcp"/>
  <File Type="PLACE-DCP" Name="BinaryCounter_4_placed.dcp"/>
  <File Type="PLACE-PRE-SIMILARITY" Name="BinaryCounter_4_incremental_reuse_pre_placed.rpt"/>
  <File Type="BG-BGN" Name="BinaryCounter_4.bgn"/>
  <File Type="POSTPLACE-PWROPT-DCP" Name="BinaryCounter_4_postplace_pwropt.dcp"/>
  <File Type="BG-BIN" Name="BinaryCounter_4.bin"/>
  <File Type="PHYSOPT-DCP" Name="BinaryCounter_4_physopt.dcp"/>
  <File Type="BITSTR-MSK" Name="BinaryCounter_4.msk"/>
  <File Type="ROUTE-ERROR-DCP" Name="BinaryCounter_4_routed_error.dcp"/>
  <File Type="ROUTE-DCP" Name="BinaryCounter_4_routed.dcp"/>
  <File Type="ROUTE-BLACKBOX-DCP" Name="BinaryCounter_4_routed_bb.dcp"/>
  <File Type="BITSTR-LTX" Name="BinaryCounter_4.ltx"/>
  <File Type="BITSTR-MMI" Name="BinaryCounter_4.mmi"/>
  <File Type="BITSTR-SYSDEF" Name="BinaryCounter_4.sysdef"/>
  <File Type="ROUTE-TIMING-PB" Name="BinaryCounter_4_timing_summary_routed.pb"/>
  <File Type="POSTROUTE-PHYSOPT-DCP" Name="BinaryCounter_4_postroute_physopt.dcp"/>
  <File Type="POSTROUTE-PHYSOPT-BLACKBOX-DCP" Name="BinaryCounter_4_postroute_physopt_bb.dcp"/>
  <File Type="BG-BIT" Name="BinaryCounter_4.bit"/>
  <File Type="BITSTR-RBT" Name="BinaryCounter_4.rbt"/>
  <File Type="BITSTR-NKY" Name="BinaryCounter_4.nky"/>
  <File Type="BG-DRC" Name="BinaryCounter_4.drc"/>
  <File Type="RDI-RDI" Name="BinaryCounter_4.vdi"/>
  <File Type="WBT-USG" Name="usage_statistics_webtalk.html"/>
  <FileSet Name="sources" Type="DesignSrcs" RelSrcDir="$PSRCDIR/sources_1">
    <Filter Type="Srcs"/>
    <File Path="$PSRCDIR/sources_1/new/DFF.v">
      <FileInfo>
        <Attr Name="ImportPath" Val="$PPRDIR/../../../../../../../../Lab3_Implement4WayStoplightControllerOnHardware/Lab3_Implement4WayStoplightControllerOnHardware.srcs/sources_1/new/DFF.v"/>
        <Attr Name="ImportTime" Val="1571064723"/>
        <Attr Name="UsedIn" Val="synthesis"/>
        <Attr Name="UsedIn" Val="implementation"/>
        <Attr Name="UsedIn" Val="simulation"/>
      </FileInfo>
    </File>
    <File Path="$PSRCDIR/sources_1/new/BinaryCounter_4.v">
      <FileInfo>
        <Attr Name="ImportPath" Val="$PPRDIR/../../../../../../../../Lab3_Implement4WayStoplightControllerOnHardware/Lab3_Implement4WayStoplightControllerOnHardware.srcs/sources_1/new/BinaryCounter_4.v"/>
        <Attr Name="ImportTime" Val="1571064148"/>
        <Attr Name="UsedIn" Val="synthesis"/>
        <Attr Name="UsedIn" Val="implementation"/>
      </FileInfo>
    </File>
    <Config>
      <Option Name="DesignMode" Val="RTL"/>
      <Option Name="TopModule" Val="BinaryCounter_4"/>
    </Config>
  </FileSet>
  <FileSet Name="constrs_in" Type="Constrs" RelSrcDir="$PSRCDIR/constrs_1">
    <Filter Type="Constrs"/>
    <File Path="$PSRCDIR/constrs_1/new/Basys_3_master.xdc">
      <FileInfo>
        <Attr Name="ImportPath" Val="$PPRDIR/../../../../../../../../Lab3_Implement4WayStoplightControllerOnHardware/Lab3_Implement4WayStoplightControllerOnHardware.srcs/constrs_1/new/Basys_3_master.xdc"/>
        <Attr Name="ImportTime" Val="1571064559"/>
        <Attr Name="UsedIn" Val="synthesis"/>
        <Attr Name="UsedIn" Val="implementation"/>
      </FileInfo>
    </File>
    <Config>
      <Option Name="ConstrsType" Val="XDC"/>
    </Config>
  </FileSet>
  <FileSet Name="utils" Type="Utils" RelSrcDir="$PSRCDIR/utils_1">
    <Filter Type="Utils"/>
    <Config>
      <Option Name="TopAutoSet" Val="TRUE"/>
    </Config>
  </FileSet>
  <Strategy Version="1" Minor="2">
    <StratHandle Name="Vivado Implementation Defaults" Flow="Vivado Implementation 2019"/>
    <Step Id="init_design"/>
    <Step Id="opt_design"/>
    <Step Id="power_opt_design"/>
    <Step Id="place_design"/>
    <Step Id="post_place_power_opt_design"/>
    <Step Id="phys_opt_design"/>
    <Step Id="route_design"/>
    <Step Id="post_route_phys_opt_design"/>
    <Step Id="write_bitstream"/>
  </Strategy>
</GenRun>
