<?xml version="1.0" encoding="UTF-8"?>
<GenRun Id="impl_1" LaunchPart="xc7a35tcpg236-1" LaunchTime="1571437510">
  <File Type="ROUTE-PWR" Name="StopLight4Way_power_routed.rpt"/>
  <File Type="PA-TCL" Name="StopLight4Way.tcl"/>
  <File Type="BITSTR-BMM" Name="StopLight4Way_bd.bmm"/>
  <File Type="ROUTE-PWR-SUM" Name="StopLight4Way_power_summary_routed.pb"/>
  <File Type="REPORTS-TCL" Name="StopLight4Way_reports.tcl"/>
  <File Type="OPT-DCP" Name="StopLight4Way_opt.dcp"/>
  <File Type="OPT-DRC" Name="StopLight4Way_drc_opted.rpt"/>
  <File Type="OPT-HWDEF" Name="StopLight4Way.hwdef"/>
  <File Type="PWROPT-DCP" Name="StopLight4Way_pwropt.dcp"/>
  <File Type="PLACE-DCP" Name="StopLight4Way_placed.dcp"/>
  <File Type="PLACE-IO" Name="StopLight4Way_io_placed.rpt"/>
  <File Type="PLACE-UTIL" Name="StopLight4Way_utilization_placed.rpt"/>
  <File Type="PLACE-UTIL-PB" Name="StopLight4Way_utilization_placed.pb"/>
  <File Type="PLACE-CTRL" Name="StopLight4Way_control_sets_placed.rpt"/>
  <File Type="PLACE-PRE-SIMILARITY" Name="StopLight4Way_incremental_reuse_pre_placed.rpt"/>
  <File Type="BG-BGN" Name="StopLight4Way.bgn"/>
  <File Type="POSTPLACE-PWROPT-DCP" Name="StopLight4Way_postplace_pwropt.dcp"/>
  <File Type="BG-BIN" Name="StopLight4Way.bin"/>
  <File Type="PHYSOPT-DCP" Name="StopLight4Way_physopt.dcp"/>
  <File Type="BITSTR-MSK" Name="StopLight4Way.msk"/>
  <File Type="ROUTE-ERROR-DCP" Name="StopLight4Way_routed_error.dcp"/>
  <File Type="ROUTE-DCP" Name="StopLight4Way_routed.dcp"/>
  <File Type="ROUTE-BLACKBOX-DCP" Name="StopLight4Way_routed_bb.dcp"/>
  <File Type="ROUTE-DRC" Name="StopLight4Way_drc_routed.rpt"/>
  <File Type="ROUTE-DRC-PB" Name="StopLight4Way_drc_routed.pb"/>
  <File Type="ROUTE-DRC-RPX" Name="StopLight4Way_drc_routed.rpx"/>
  <File Type="BITSTR-LTX" Name="StopLight4Way.ltx"/>
  <File Type="ROUTE-METHODOLOGY-DRC" Name="StopLight4Way_methodology_drc_routed.rpt"/>
  <File Type="BITSTR-MMI" Name="StopLight4Way.mmi"/>
  <File Type="ROUTE-METHODOLOGY-DRC-RPX" Name="StopLight4Way_methodology_drc_routed.rpx"/>
  <File Type="ROUTE-METHODOLOGY-DRC-PB" Name="StopLight4Way_methodology_drc_routed.pb"/>
  <File Type="BITSTR-SYSDEF" Name="StopLight4Way.sysdef"/>
  <File Type="ROUTE-PWR-RPX" Name="StopLight4Way_power_routed.rpx"/>
  <File Type="ROUTE-STATUS" Name="StopLight4Way_route_status.rpt"/>
  <File Type="ROUTE-STATUS-PB" Name="StopLight4Way_route_status.pb"/>
  <File Type="ROUTE-TIMINGSUMMARY" Name="StopLight4Way_timing_summary_routed.rpt"/>
  <File Type="ROUTE-TIMING-PB" Name="StopLight4Way_timing_summary_routed.pb"/>
  <File Type="ROUTE-TIMING-RPX" Name="StopLight4Way_timing_summary_routed.rpx"/>
  <File Type="ROUTE-CLK" Name="StopLight4Way_clock_utilization_routed.rpt"/>
  <File Type="ROUTE-BUS-SKEW" Name="StopLight4Way_bus_skew_routed.rpt"/>
  <File Type="ROUTE-BUS-SKEW-PB" Name="StopLight4Way_bus_skew_routed.pb"/>
  <File Type="ROUTE-BUS-SKEW-RPX" Name="StopLight4Way_bus_skew_routed.rpx"/>
  <File Type="POSTROUTE-PHYSOPT-DCP" Name="StopLight4Way_postroute_physopt.dcp"/>
  <File Type="POSTROUTE-PHYSOPT-BLACKBOX-DCP" Name="StopLight4Way_postroute_physopt_bb.dcp"/>
  <File Type="BG-BIT" Name="StopLight4Way.bit"/>
  <File Type="BITSTR-RBT" Name="StopLight4Way.rbt"/>
  <File Type="BITSTR-NKY" Name="StopLight4Way.nky"/>
  <File Type="BG-DRC" Name="StopLight4Way.drc"/>
  <File Type="RDI-RDI" Name="StopLight4Way.vdi"/>
  <File Type="WBT-USG" Name="usage_statistics_webtalk.html"/>
  <FileSet Name="sources" Type="DesignSrcs" RelSrcDir="$PSRCDIR/sources_1">
    <Filter Type="Srcs"/>
    <File Path="$PSRCDIR/sources_1/new/DFF.v">
      <FileInfo>
        <Attr Name="UserDisabled" Val="1"/>
        <Attr Name="ImportPath" Val="$PPRDIR/../../../../../Lab3_Implement4WayStoplightControllerOnHardware/Lab3_Implement4WayStoplightControllerOnHardware.srcs/sources_1/new/DFF.v"/>
        <Attr Name="ImportTime" Val="1571064723"/>
        <Attr Name="UsedIn" Val="synthesis"/>
        <Attr Name="UsedIn" Val="implementation"/>
        <Attr Name="UsedIn" Val="simulation"/>
      </FileInfo>
    </File>
    <File Path="$PSRCDIR/sources_1/new/BinaryCounter_4.v">
      <FileInfo>
        <Attr Name="UserDisabled" Val="1"/>
        <Attr Name="ImportPath" Val="$PPRDIR/../../../../../Lab3_Implement4WayStoplightControllerOnHardware/Lab3_Implement4WayStoplightControllerOnHardware.srcs/sources_1/new/BinaryCounter_4.v"/>
        <Attr Name="ImportTime" Val="1571064148"/>
        <Attr Name="UsedIn" Val="synthesis"/>
        <Attr Name="UsedIn" Val="implementation"/>
      </FileInfo>
    </File>
    <File Path="$PSRCDIR/sources_1/imports/Lab3_Implement4WayStoplightControllerOnHardware/archive_project_summary.txt">
      <FileInfo>
        <Attr Name="ImportPath" Val="$PPRDIR/../../../../../Lab3_Implement4WayStoplightControllerOnHardware/archive_project_summary.txt"/>
        <Attr Name="ImportTime" Val="1571431264"/>
      </FileInfo>
    </File>
    <File Path="$PSRCDIR/sources_1/new/GreenLight.v">
      <FileInfo>
        <Attr Name="ImportPath" Val="$PPRDIR/../../../../../Lab3_Implement4WayStoplightControllerOnHardware/Lab3_Implement4WayStoplightControllerOnHardware.srcs/sources_1/new/GreenLight.v"/>
        <Attr Name="ImportTime" Val="1571435171"/>
        <Attr Name="UsedIn" Val="synthesis"/>
        <Attr Name="UsedIn" Val="implementation"/>
      </FileInfo>
    </File>
    <File Path="$PSRCDIR/sources_1/new/RedLight.v">
      <FileInfo>
        <Attr Name="ImportPath" Val="$PPRDIR/../../../../../Lab3_Implement4WayStoplightControllerOnHardware/Lab3_Implement4WayStoplightControllerOnHardware.srcs/sources_1/new/RedLight.v"/>
        <Attr Name="ImportTime" Val="1571433912"/>
        <Attr Name="UsedIn" Val="synthesis"/>
        <Attr Name="UsedIn" Val="implementation"/>
      </FileInfo>
    </File>
    <File Path="$PSRCDIR/sources_1/new/YelloLight.v">
      <FileInfo>
        <Attr Name="ImportPath" Val="$PPRDIR/../../../../../Lab3_Implement4WayStoplightControllerOnHardware/Lab3_Implement4WayStoplightControllerOnHardware.srcs/sources_1/new/YelloLight.v"/>
        <Attr Name="ImportTime" Val="1571434417"/>
        <Attr Name="UsedIn" Val="synthesis"/>
        <Attr Name="UsedIn" Val="implementation"/>
      </FileInfo>
    </File>
    <File Path="$PSRCDIR/sources_1/new/StopLight4Way.v">
      <FileInfo>
        <Attr Name="ImportPath" Val="$PPRDIR/../../../../../Lab3_Implement4WayStoplightControllerOnHardware/Lab3_Implement4WayStoplightControllerOnHardware.srcs/sources_1/new/StopLight4Way.v"/>
        <Attr Name="ImportTime" Val="1571434392"/>
        <Attr Name="UsedIn" Val="synthesis"/>
        <Attr Name="UsedIn" Val="implementation"/>
      </FileInfo>
    </File>
    <Config>
      <Option Name="DesignMode" Val="RTL"/>
      <Option Name="TopModule" Val="StopLight4Way"/>
    </Config>
  </FileSet>
  <FileSet Name="constrs_in" Type="Constrs" RelSrcDir="$PSRCDIR/constrs_1">
    <Filter Type="Constrs"/>
    <File Path="$PSRCDIR/constrs_1/new/Basys_3_master_SwitchesImplementation.xdc">
      <FileInfo>
        <Attr Name="ImportPath" Val="$PPRDIR/../../../../../Lab3_Implement4WayStoplightControllerOnHardware/Lab3_Implement4WayStoplightControllerOnHardware.srcs/constrs_1/new/Basys_3_master_SwitchesImplementation.xdc"/>
        <Attr Name="ImportTime" Val="1571436992"/>
        <Attr Name="UsedIn" Val="synthesis"/>
        <Attr Name="UsedIn" Val="implementation"/>
      </FileInfo>
    </File>
    <File Path="$PSRCDIR/constrs_1/new/Basys_3_master_Basys3Implementation.xdc">
      <FileInfo>
        <Attr Name="ImportPath" Val="$PPRDIR/../../../../../Lab3_Implement4WayStoplightControllerOnHardware/Lab3_Implement4WayStoplightControllerOnHardware.srcs/constrs_1/new/Basys_3_master_Basys3Implementation.xdc"/>
        <Attr Name="ImportTime" Val="1571437457"/>
        <Attr Name="UsedIn" Val="synthesis"/>
        <Attr Name="UsedIn" Val="implementation"/>
      </FileInfo>
    </File>
    <Config>
      <Option Name="TargetConstrsFile" Val="$PSRCDIR/constrs_1/new/Basys_3_master_Basys3Implementation.xdc"/>
      <Option Name="ConstrsType" Val="XDC"/>
    </Config>
  </FileSet>
  <FileSet Name="utils" Type="Utils" RelSrcDir="$PSRCDIR/utils_1">
    <Filter Type="Utils"/>
    <Config>
      <Option Name="TopAutoSet" Val="TRUE"/>
    </Config>
  </FileSet>
  <Strategy Version="1" Minor="2">
    <StratHandle Name="Vivado Implementation Defaults" Flow="Vivado Implementation 2019"/>
    <Step Id="init_design"/>
    <Step Id="opt_design"/>
    <Step Id="power_opt_design"/>
    <Step Id="place_design"/>
    <Step Id="post_place_power_opt_design"/>
    <Step Id="phys_opt_design"/>
    <Step Id="route_design"/>
    <Step Id="post_route_phys_opt_design"/>
    <Step Id="write_bitstream"/>
  </Strategy>
</GenRun>
